<?xml version='1.0' encoding='utf-8'?>
<!DOCTYPE hibernate-configuration SYSTEM "hibernate-configuration-3.0.dtd">
<hibernate-configuration>
    <session-factory>
<!-- Database connection settings -->
        <property name="connection.driver_class">com.mysql.jdbc.Driver</property>
        <property name="connection.url">jdbc:mysql://localhost:3306/hbn_author</property>
        <property name="connection.username">root</property>
        <property name="connection.password">root</property>
<!-- JDBC connection pool (use the built-in) -->
        <property name="connection.pool_size">1</property>
<!-- Enable Hibernate's automatic session context management -->
        <property name="current_session_context_class">thread</property>
<!-- SQL dialect -->
        <property name="dialect">org.hibernate.dialect.MySQLDialect</property>
<!-- Echo all executed SQL to stdout -->
        <property name="show_sql">true</property>
		<mapping class="com.author.data.Author"/>
		<mapping class="com.author.data.Person"/>
		<mapping class="com.author.data.Work"/>
    </session-factory>
</hibernate-configuration>
